period,oldName,newName,periodType
Spot,spot,spot,Spot
Balmo,balmo,balmo,Balmo
15-Jan,1/1/2015,1/1/2015,Months
15-Feb,2/1/2015,2/1/2015,Months
15-Mar,3/1/2015,3/1/2015,Months
15-Apr,4/1/2015,4/1/2015,Months
15-May,5/1/2015,5/1/2015,Months
15-Jun,6/1/2015,6/1/2015,Months
15-Jul,7/1/2015,7/1/2015,Months
15-Aug,8/1/2015,8/1/2015,Months
15-Sep,9/1/2015,9/1/2015,Months
15-Oct,10/1/2015,10/1/2015,Months
15-Nov,11/1/2015,11/1/2015,Months
15-Dec,12/1/2015,12/1/2015,Months
16-Jan,1/1/2016,1/1/2016,Months
16-Feb,2/1/2016,2/1/2016,Months
16-Mar,3/1/2016,3/1/2016,Months
16-Apr,4/1/2016,4/1/2016,Months
16-May,5/1/2016,5/1/2016,Months
16-Jun,6/1/2016,6/1/2016,Months
16-Jul,7/1/2016,7/1/2016,Months
16-Aug,8/1/2016,8/1/2016,Months
16-Sep,9/1/2016,9/1/2016,Months
16-Oct,10/1/2016,10/1/2016,Months
16-Nov,11/1/2016,11/1/2016,Months
16-Dec,12/1/2016,12/1/2016,Months
17-Jan,1/1/2017,1/1/2017,Months
17-Feb,2/1/2017,2/1/2017,Months
17-Mar,3/1/2017,3/1/2017,Months
17-Apr,4/1/2017,4/1/2017,Months
17-May,5/1/2017,5/1/2017,Months
17-Jun,6/1/2017,6/1/2017,Months
17-Jul,7/1/2017,7/1/2017,Months
17-Aug,8/1/2017,8/1/2017,Months
17-Sep,9/1/2017,9/1/2017,Months
17-Oct,10/1/2017,10/1/2017,Months
17-Nov,11/1/2017,11/1/2017,Months
17-Dec,12/1/2017,12/1/2017,Months
18-Jan,1/1/2018,1/1/2018,Months
18-Feb,2/1/2018,2/1/2018,Months
18-Mar,3/1/2018,3/1/2018,Months
18-Apr,4/1/2018,4/1/2018,Months
18-May,5/1/2018,5/1/2018,Months
18-Jun,6/1/2018,6/1/2018,Months
18-Jul,7/1/2018,7/1/2018,Months
18-Aug,8/1/2018,8/1/2018,Months
18-Sep,9/1/2018,9/1/2018,Months
18-Oct,10/1/2018,10/1/2018,Months
18-Nov,11/1/2018,11/1/2018,Months
18-Dec,12/1/2018,12/1/2018,Months
19-Jan,1/1/2019,1/1/2019,Months
19-Feb,2/1/2019,2/1/2019,Months
19-Mar,3/1/2019,3/1/2019,Months
19-Apr,4/1/2019,4/1/2019,Months
19-May,5/1/2019,5/1/2019,Months
19-Jun,6/1/2019,6/1/2019,Months
19-Jul,7/1/2019,7/1/2019,Months
19-Aug,8/1/2019,8/1/2019,Months
19-Sep,9/1/2019,9/1/2019,Months
19-Oct,10/1/2019,10/1/2019,Months
19-Nov,11/1/2019,11/1/2019,Months
19-Dec,12/1/2019,12/1/2019,Months
20-Jan,1/1/2020,1/1/2020,Months
20-Feb,2/1/2020,2/1/2020,Months
20-Mar,3/1/2020,3/1/2020,Months
20-Apr,4/1/2020,4/1/2020,Months
20-May,5/1/2020,5/1/2020,Months
20-Jun,6/1/2020,6/1/2020,Months
20-Jul,7/1/2020,7/1/2020,Months
20-Aug,8/1/2020,8/1/2020,Months
20-Sep,9/1/2020,9/1/2020,Months
20-Oct,10/1/2020,10/1/2020,Months
20-Nov,11/1/2020,11/1/2020,Months
20-Dec,12/1/2020,12/1/2020,Months
21-Jan,1/1/2021,1/1/2021,Months
21-Feb,2/1/2021,2/1/2021,Months
21-Mar,3/1/2021,3/1/2021,Months
21-Apr,4/1/2021,4/1/2021,Months
21-May,5/1/2021,5/1/2021,Months
21-Jun,6/1/2021,6/1/2021,Months
21-Jul,7/1/2021,7/1/2021,Months
21-Aug,8/1/2021,8/1/2021,Months
21-Sep,9/1/2021,9/1/2021,Months
21-Oct,10/1/2021,10/1/2021,Months
21-Nov,11/1/2021,11/1/2021,Months
21-Dec,12/1/2021,12/1/2021,Months
22-Jan,1/1/2022,1/1/2022,Months
22-Feb,2/1/2022,2/1/2022,Months
22-Mar,3/1/2022,3/1/2022,Months
22-Apr,4/1/2022,4/1/2022,Months
22-May,5/1/2022,5/1/2022,Months
22-Jun,6/1/2022,6/1/2022,Months
22-Jul,7/1/2022,7/1/2022,Months
22-Aug,8/1/2022,8/1/2022,Months
22-Sep,9/1/2022,9/1/2022,Months
22-Oct,10/1/2022,10/1/2022,Months
22-Nov,11/1/2022,11/1/2022,Months
22-Dec,12/1/2022,12/1/2022,Months
23-Jan,1/1/2023,1/1/2023,Months
23-Feb,2/1/2023,2/1/2023,Months
23-Mar,3/1/2023,3/1/2023,Months
23-Apr,4/1/2023,4/1/2023,Months
23-May,5/1/2023,5/1/2023,Months
23-Jun,6/1/2023,6/1/2023,Months
23-Jul,7/1/2023,7/1/2023,Months
23-Aug,8/1/2023,8/1/2023,Months
23-Sep,9/1/2023,9/1/2023,Months
23-Oct,10/1/2023,10/1/2023,Months
23-Nov,11/1/2023,11/1/2023,Months
23-Dec,12/1/2023,12/1/2023,Months
24-Jan,1/1/2024,1/1/2024,Months
24-Feb,2/1/2024,2/1/2024,Months
24-Mar,3/1/2024,3/1/2024,Months
24-Apr,4/1/2024,4/1/2024,Months
24-May,5/1/2024,5/1/2024,Months
24-Jun,6/1/2024,6/1/2024,Months
24-Jul,7/1/2024,7/1/2024,Months
24-Aug,8/1/2024,8/1/2024,Months
24-Sep,9/1/2024,9/1/2024,Months
24-Oct,10/1/2024,10/1/2024,Months
24-Nov,11/1/2024,11/1/2024,Months
24-Dec,12/1/2024,12/1/2024,Months
25-Jan,1/1/2025,1/1/2025,Months
25-Feb,2/1/2025,2/1/2025,Months
25-Mar,3/1/2025,3/1/2025,Months
25-Apr,4/1/2025,4/1/2025,Months
25-May,5/1/2025,5/1/2025,Months
25-Jun,6/1/2025,6/1/2025,Months
25-Jul,7/1/2025,7/1/2025,Months
25-Aug,8/1/2025,8/1/2025,Months
25-Sep,9/1/2025,9/1/2025,Months
25-Oct,10/1/2025,10/1/2025,Months
25-Nov,11/1/2025,11/1/2025,Months
25-Dec,12/1/2025,12/1/2025,Months
26-Jan,1/1/2026,1/1/2026,Months
26-Feb,2/1/2026,2/1/2026,Months
26-Mar,3/1/2026,3/1/2026,Months
26-Apr,4/1/2026,4/1/2026,Months
26-May,5/1/2026,5/1/2026,Months
26-Jun,6/1/2026,6/1/2026,Months
26-Jul,7/1/2026,7/1/2026,Months
26-Aug,8/1/2026,8/1/2026,Months
26-Sep,9/1/2026,9/1/2026,Months
26-Oct,10/1/2026,10/1/2026,Months
26-Nov,11/1/2026,11/1/2026,Months
26-Dec,12/1/2026,12/1/2026,Months
27-Jan,1/1/2027,1/1/2027,Months
27-Feb,2/1/2027,2/1/2027,Months
27-Mar,3/1/2027,3/1/2027,Months
27-Apr,4/1/2027,4/1/2027,Months
27-May,5/1/2027,5/1/2027,Months
27-Jun,6/1/2027,6/1/2027,Months
27-Jul,7/1/2027,7/1/2027,Months
27-Aug,8/1/2027,8/1/2027,Months
27-Sep,9/1/2027,9/1/2027,Months
27-Oct,10/1/2027,10/1/2027,Months
27-Nov,11/1/2027,11/1/2027,Months
27-Dec,12/1/2027,12/1/2027,Months
28-Jan,1/1/2028,1/1/2028,Months
28-Feb,2/1/2028,2/1/2028,Months
28-Mar,3/1/2028,3/1/2028,Months
28-Apr,4/1/2028,4/1/2028,Months
28-May,5/1/2028,5/1/2028,Months
28-Jun,6/1/2028,6/1/2028,Months
28-Jul,7/1/2028,7/1/2028,Months
28-Aug,8/1/2028,8/1/2028,Months
28-Sep,9/1/2028,9/1/2028,Months
28-Oct,10/1/2028,10/1/2028,Months
28-Nov,11/1/2028,11/1/2028,Months
28-Dec,12/1/2028,12/1/2028,Months
29-Jan,1/1/2029,1/1/2029,Months
Feb-29,2/1/2029,2/1/2029,Months
29-Mar,3/1/2029,3/1/2029,Months
29-Apr,4/1/2029,4/1/2029,Months
29-May,5/1/2029,5/1/2029,Months
29-Jun,6/1/2029,6/1/2029,Months
29-Jul,7/1/2029,7/1/2029,Months
29-Aug,8/1/2029,8/1/2029,Months
29-Sep,9/1/2029,9/1/2029,Months
29-Oct,10/1/2029,10/1/2029,Months
29-Nov,11/1/2029,11/1/2029,Months
29-Dec,12/1/2029,12/1/2029,Months
30-Jan,1/1/2030,1/1/2030,Months
Feb-30,2/1/2030,2/1/2030,Months
30-Mar,3/1/2030,3/1/2030,Months
30-Apr,4/1/2030,4/1/2030,Months
30-May,5/1/2030,5/1/2030,Months
30-Jun,6/1/2030,6/1/2030,Months
30-Jul,7/1/2030,7/1/2030,Months
30-Aug,8/1/2030,8/1/2030,Months
30-Sep,9/1/2030,9/1/2030,Months
30-Oct,10/1/2030,10/1/2030,Months
30-Nov,11/1/2030,11/1/2030,Months
30-Dec,12/1/2030,12/1/2030,Months
q1-15,15Q1,1/1/2015,Quarters
q2-15,15Q2,4/1/2015,Quarters
q3-15,15Q3,7/1/2015,Quarters
q4-15,15Q4,10/1/2015,Quarters
q1-16,16Q1,1/1/2016,Quarters
q2-16,16Q2,4/1/2016,Quarters
q3-16,16Q3,7/1/2016,Quarters
q4-16,16Q4,10/1/2016,Quarters
q1-17,17Q1,1/1/2017,Quarters
q2-17,17Q2,4/1/2017,Quarters
q3-17,17Q3,7/1/2017,Quarters
q4-17,17Q4,10/1/2017,Quarters
q1-18,18Q1,1/1/2018,Quarters
q2-18,18Q2,4/1/2018,Quarters
q3-18,18Q3,7/1/2018,Quarters
q4-18,18Q4,10/1/2018,Quarters
q1-19,19Q1,1/1/2019,Quarters
q2-19,19Q2,4/1/2019,Quarters
q3-19,19Q3,7/1/2019,Quarters
q4-19,19Q4,10/1/2019,Quarters
q1-20,20Q1,1/1/2020,Quarters
q2-20,20Q2,4/1/2020,Quarters
q3-20,20Q3,7/1/2020,Quarters
q4-20,20Q4,10/1/2020,Quarters
q1-21,21Q1,1/1/2021,Quarters
q2-21,21Q2,4/1/2021,Quarters
q3-21,21Q3,7/1/2021,Quarters
q4-21,21Q4,10/1/2021,Quarters
q1-22,22Q1,1/1/2022,Quarters
q2-22,22Q2,4/1/2022,Quarters
q3-22,22Q3,7/1/2022,Quarters
q4-22,22Q4,10/1/2022,Quarters
q1-23,23Q1,1/1/2023,Quarters
q2-23,23Q2,4/1/2023,Quarters
q3-23,23Q3,7/1/2023,Quarters
q4-23,23Q4,10/1/2023,Quarters
q1-24,24Q1,1/1/2024,Quarters
q2-24,24Q2,4/1/2024,Quarters
q3-24,24Q3,7/1/2024,Quarters
q4-24,24Q4,10/1/2024,Quarters
q1-25,25Q1,1/1/2025,Quarters
q2-25,25Q2,4/1/2025,Quarters
q3-25,25Q3,7/1/2025,Quarters
q4-25,25Q4,10/1/2025,Quarters
q1-26,26Q1,1/1/2026,Quarters
q2-26,26Q2,4/1/2026,Quarters
q3-26,26Q3,7/1/2026,Quarters
q4-26,26Q4,10/1/2026,Quarters
q1-27,27Q1,1/1/2027,Quarters
q2-27,27Q2,4/1/2027,Quarters
q3-27,27Q3,7/1/2027,Quarters
q4-27,27Q4,10/1/2027,Quarters
q1-28,28Q1,1/1/2028,Quarters
q2-28,28Q2,4/1/2028,Quarters
q3-28,28Q3,7/1/2028,Quarters
q4-28,28Q4,10/1/2028,Quarters
q1-29,29Q1,1/1/2029,Quarters
q2-29,29Q2,4/1/2029,Quarters
q3-29,29Q3,7/1/2029,Quarters
q4-29,29Q4,10/1/2029,Quarters
q1-30,30Q1,1/1/2030,Quarters
q2-30,30Q2,4/1/2030,Quarters
q3-30,30Q3,7/1/2030,Quarters
q4-30,30Q4,10/1/2030,Quarters
Cal-15,C15,1/1/2015,Years
Cal-16,C16,1/1/2016,Years
Cal-17,C17,1/1/2017,Years
Cal-18,C18,1/1/2018,Years
Cal-19,C19,1/1/2019,Years
Cal-20,C20,1/1/2020,Years
Cal-21,C21,1/1/2021,Years
Cal-22,C22,1/1/2022,Years
Cal-23,C23,1/1/2023,Years
Cal-24,C24,1/1/2024,Years
Cal-25,C25,1/1/2025,Years
Cal-26,C26,1/1/2026,Years
Cal-27,C27,1/1/2027,Years
Cal-28,C28,1/1/2028,Years
Cal-29,C29,1/1/2029,Years
Cal-30,C30,1/1/2030,Years
Cal-31,C31,1/1/2031,Years
Cal-32,C32,1/1/2032,Years
Cal-33,C33,1/1/2033,Years
Cal-34,C34,1/1/2034,Years
Cal-35,C35,1/1/2035,Years
